{
  "n_seeds": 16,
  "seeds": [
    0,
    2,
    5,
    7,
    13,
    17,
    21,
    23,
    31,
    37,
    41,
    42,
    53,
    61,
    67,
    99
  ],
  "n_trials_per_seed": 47,
  "per_seed_rates": {
    "0": 0.8611111111111112,
    "7": 0.75,
    "21": 0.7777777777777778,
    "42": 0.9444444444444444,
    "99": 0.8055555555555556,
    "2": 0.8888888888888888,
    "5": 0.8333333333333334,
    "13": 0.6944444444444444,
    "17": 0.8333333333333334,
    "23": 0.8055555555555556,
    "31": 0.6944444444444444,
    "37": 0.8333333333333334,
    "41": 0.9166666666666666,
    "53": 0.75,
    "61": 0.6944444444444444,
    "67": 0.7777777777777778
  },
  "overall_mean": 0.8038194444444444,
  "overall_std": 0.07445063070274849,
  "bootstrap_ci_95": [
    0.7673611111111112,
    0.8402777777777778
  ],
  "bootstrap_n_resamples": 10000,
  "min": 0.6944444444444444,
  "max": 0.9444444444444444,
  "median": 0.8055555555555556,
  "per_noise": {
    "0.0": {
      "n": 144,
      "rate": 0.8680555555555556,
      "std": 0.3384303591947557
    },
    "0.01": {
      "n": 144,
      "rate": 0.8125,
      "std": 0.3903123748998999
    },
    "0.05": {
      "n": 144,
      "rate": 0.7708333333333334,
      "std": 0.42029668753816696
    },
    "0.1": {
      "n": 144,
      "rate": 0.7638888888888888,
      "std": 0.42469124587279594
    }
  }
}