{
  "n_seeds": 5,
  "seeds": [
    0,
    7,
    21,
    42,
    99
  ],
  "n_trials_per_seed": 36,
  "per_seed_rates": {
    "0": 0.8611111111111112,
    "7": 0.75,
    "21": 0.7777777777777778,
    "42": 0.9444444444444444,
    "99": 0.8055555555555556
  },
  "overall_mean": 0.8277777777777777,
  "overall_std": 0.06894263136661585,
  "bootstrap_ci_95": [
    0.7722222222222223,
    0.8944444444444445
  ],
  "bootstrap_n_resamples": 10000,
  "min": 0.75,
  "max": 0.9444444444444444,
  "median": 0.8055555555555556,
  "per_noise": {
    "0.0": {
      "n": 45,
      "rate": 0.9333333333333333,
      "std": 0.2494438257849294
    },
    "0.01": {
      "n": 45,
      "rate": 0.9111111111111111,
      "std": 0.2845832994414599
    },
    "0.05": {
      "n": 45,
      "rate": 0.7555555555555555,
      "std": 0.4297573245736382
    },
    "0.1": {
      "n": 45,
      "rate": 0.7111111111111111,
      "std": 0.45324617898602526
    }
  }
}