{
  "n_galaxies": 171,
  "n_points": 3342,
  "n_bootstrap": 1000,
  "n_failed_resamples": 0,
  "seed": 2026,
  "adcd_key": "ADCD discovered",
  "models": [
    {
      "name": "Simple MOND (2-param)",
      "n_params": 2,
      "nmse_mean": 0.36611002475882254,
      "nmse_ci95": [
        0.296851525226487,
        0.4431305933585743
      ],
      "bic_eff_mean": -162.4152947948583,
      "bic_eff_ci95": [
        -197.40013672519146,
        -128.89200509235252
      ],
      "delta_eff_mean": 3.3636844395465975,
      "delta_eff_ci95": [
        -0.8940504566486374,
        6.970961980729787
      ],
      "delta_eff_zero_in_ci": true,
      "interpretation_eff": "Positive evidence [ADCD loses]"
    },
    {
      "name": "RAR (McGaugh, 2-param)",
      "n_params": 2,
      "nmse_mean": 0.36613299704525326,
      "nmse_ci95": [
        0.2969060056664339,
        0.4430770968811173
      ],
      "bic_eff_mean": -162.40214149062157,
      "bic_eff_ci95": [
        -197.36875637618286,
        -128.91264609023224
      ],
      "delta_eff_mean": 3.3505311353098506,
      "delta_eff_ci95": [
        -0.9887583128084017,
        6.975411304677116
      ],
      "delta_eff_zero_in_ci": true,
      "interpretation_eff": "Positive evidence [ADCD loses]"
    },
    {
      "name": "ADCD discovered",
      "n_params": 2,
      "nmse_mean": 0.3734014530345815,
      "nmse_ci95": [
        0.30289581568286134,
        0.45122786458325315
      ],
      "bic_eff_mean": -159.05161035531174,
      "bic_eff_ci95": [
        -193.9533250800065,
        -125.79553864252692
      ],
      "delta_eff_mean": null,
      "delta_eff_ci95": null,
      "delta_eff_zero_in_ci": null,
      "interpretation_eff": "baseline"
    },
    {
      "name": "Standard MOND (2-param)",
      "n_params": 2,
      "nmse_mean": 0.46066188845532047,
      "nmse_ci95": [
        0.4084608551258511,
        0.5126138638855877
      ],
      "bic_eff_mean": -122.54306339103736,
      "bic_eff_ci95": [
        -142.82309553380946,
        -103.98442723268704
      ],
      "delta_eff_mean": -36.50854696427437,
      "delta_eff_ci95": [
        -60.09822370098714,
        -17.93300377347006
      ],
      "delta_eff_zero_in_ci": false,
      "interpretation_eff": "Very Strong evidence [ADCD wins]"
    }
  ],
  "headline_delta_mean": 3.3636844395465975,
  "headline_delta_ci95": [
    -0.8940504566486374,
    6.970961980729787
  ],
  "headline_zero_in_ci": true,
  "reviewer_message": "Cluster bootstrap on galaxies (1000 usable resamples of 1000): delta-BIC_eff vs Simple MOND (2-param) = +3.36, 95% CI [-0.89, +6.97] -- brackets zero (statistically inconclusive). Point estimate interpretation: Positive evidence [ADCD loses]."
}